<?xml version="1.0" encoding="UTF-8"?>
<文件元数据信息>
  <档案类目元数据>
    <全宗号>6</全宗号>
    <门类号>02教学</门类号>
    <子类号>02学籍</子类号>
    <类型>XJK</类型>
    <档号>06XJ0030396011300</档号>
  </档案类目元数据>
  <系统生成元数据>
    <UUID主键>861eb24a27db11ebb57bc85b769515e2</UUID主键>
    <序号>1</序号>
    <创建人>2002980881</创建人>
    <创建时间>2020-12-09 16:13:46</创建时间>
    <修改人></修改人>
    <修改时间></修改时间>
    <删除标识>0</删除标识>
    <删除人></删除人>
    <删除时间></删除时间>
  </系统生成元数据>
  <类型相关元数据>
    <院系编码>003</院系编码>
    <毕业年度>2000</毕业年度>
    <生源地省市>陕西省</生源地省市>
    <民族></民族>
    <生源>陕西省</生源>
    <所属数据ID>861393ee27db11ebb57bc85b769515e2</所属数据ID>
    <证件类型>身份证</证件类型>
    <本科生否>是</本科生否>
    <毕业学历>本科</毕业学历>
    <入学时间>19960903</入学时间>
    <性别>男</性别>
    <学制>4</学制>
    <毕业类别>正常毕业</毕业类别>
    <院系简称>土木系</院系简称>
    <专业>建筑结构工程</专业>
    <电话号码></电话号码>
    <入学年度>1996</入学年度>
    <籍贯市县></籍贯市县>
    <邮箱></邮箱>
    <学号>960113</学号>
    <班级>结61</班级>
    <家庭住址>陕西省宝鸡市卧龙寺太林家属院6#101</家庭住址>
    <英文姓名>Zhou Liang</英文姓名>
    <政治面貌>共青团员</政治面貌>
    <来前单位>陕西西安交大附中</来前单位>
    <入学学历>本科</入学学历>
    <入学年龄>18</入学年龄>
    <国别地区></国别地区>
    <院系全称>土木工程系</院系全称>
    <出生日期>19780424</出生日期>
    <籍贯省市>陕西省</籍贯省市>
    <籍贯>陕西省三原县</籍贯>
    <生源地市县></生源地市县>
    <姓名>周亮</姓名>
    <毕业时间>20000730</毕业时间>
    <证件号></证件号>
    <载体类型>纸质</载体类型>
    <责任者>教务处</责任者>
    <档案密级>内部</档案密级>
    <保管期限>永久</保管期限>
    <归档部门>教务处</归档部门>
    <硕士学号></硕士学号>
    <归档年度>2002</归档年度>
    <辅修否>否</辅修否>
    <归档时间>2002</归档时间>
    <是否全日制否></是否全日制否>
    <归档人>郭翠华</归档人>
    <留学生否>否</留学生否>
    <备注>【原始姓名：郭毅】【原始学号为：960859】null【备注二：null】【其他：20004因学习困难由电61编入电71班。延长至2007毕业 】</备注>
    <交换否>否</交换否>
    <学位证书编号>YY</学位证书编号>
    <学历证书编号>10003120020500914</学历证书编号>
    <第二学位否>否</第二学位否>
    <异动否>是</异动否>
    <档号>06XJ0030396011300</档号>
    <分类号></分类号>
    <本科学号>960859</本科学号>
    <学生类别></学生类别>
    <轻量级OFD>
      <包内路径>档案包/电子档案/6/02教学/XJK/1996/土木系/960113/109991_1_XJK.pdf_light.ofd</包内路径>
      <文件格式>ofd</文件格式>
      <文件名称>109991_1_XJK.pdf_light.ofd</文件名称>
      <文件大小>249831</文件大小>
      <MD5>a0d0ecc38d9a1211caf3e5cbb93bc6f6</MD5>
      <电子凭证>06XJ0030396011300Q02</电子凭证>
    </轻量级OFD>
    <入学照片>
      <包内路径>档案包/电子档案/6/02教学/XJK/1996/土木系/960113/入学照片.jpg</包内路径>
      <文件格式>jpg</文件格式>
      <文件名称>入学照片.jpg</文件名称>
      <文件大小>21941</文件大小>
      <MD5>f01ce4beb53166ee98c9bf9796e72012</MD5>
      <电子凭证>06XJ0030396011300Q02</电子凭证>
    </入学照片>
    <毕业照片>
      <包内路径>档案包/电子档案/6/02教学/XJK/1996/土木系/960113/毕业照片.jpg</包内路径>
      <文件格式>jpg</文件格式>
      <文件名称>毕业照片.jpg</文件名称>
      <文件大小>38912</文件大小>
      <MD5>6f6dff5938394b9608d05a7561be52e2</MD5>
      <电子凭证>06XJ0030396011300Q02</电子凭证>
    </毕业照片>
    <重量级OFD>
      <包内路径>档案包/电子档案/6/02教学/XJK/1996/土木系/960113/109991_1_XJK.pdf_Weight.ofd</包内路径>
      <文件格式>ofd</文件格式>
      <文件名称>109991_1_XJK.pdf_Weight.ofd</文件名称>
      <文件大小>249831</文件大小>
      <MD5>cba08fb9fc4f673d83f6b595b98f58a8</MD5>
      <电子凭证>06XJ0030396011300Z02</电子凭证>
    </重量级OFD>
    <原文件>
      <包内路径>档案包/电子档案/6/02教学/XJK/1996/土木系/960113/109991_1_XJK.pdf</包内路径>
      <文件格式>pdf</文件格式>
      <文件名称>109991_1_XJK.pdf</文件名称>
      <文件大小>298043</文件大小>
      <MD5>d8f1177626fb4c4cb8dcbe5a57a6b475</MD5>
      <电子凭证>06XJ0030396011300Y02</电子凭证>
    </原文件>
    <签章文件>
      <包内路径>档案包/电子档案/6/02教学/XJK/1996/土木系/960113/109991_1_XJK.pdf_light_sign.ofd</包内路径>
      <文件格式>ofd</文件格式>
      <文件名称>109991_1_XJK.pdf_light_sign.ofd</文件名称>
      <文件大小>252385</文件大小>
      <MD5>1da2f3a94d7f0ec9257d0f316c2ad18b</MD5>
      <电子凭证>06XJ0030396011300Y02</电子凭证>
    </签章文件>
  </类型相关元数据>
  <电子元数据>
    <文件格式>tif</文件格式>
    <文件名称>113039_1_XJK.pdf</文件名称>
    <文件大小>448.7 KB</文件大小>
    <图像分辨率>300dpi</图像分辨率>
    <扫描色彩方式>彩色</扫描色彩方式>
    <图像压缩></图像压缩>
    <数字化对象描述>学生学籍卡</数字化对象描述>
    <数字化承担单位>北京东方基业科技发展股份有限公司</数字化承担单位>
    <数字化业务描述>档案数字化加工2018</数字化业务描述>
    <文件形成时间>20030709</文件形成时间>
    <数字化软件名称>北京东方基业学籍卡档案加工系统V2</数字化软件名称>
    <数字化软件生产商>北京东方基业科技发展股份有限公司</数字化软件生产商>
  </电子元数据>
  <过程数据>
    <过程信息>
      <UUID主键>99f12ba3-15d4-42b9-8b0e-d6533d412a69</UUID主键>
      <创建人>2002980881</创建人>
      <创建时间>2020-12-09 16:13:46</创建时间>
      <修改人></修改人>
      <修改时间></修改时间>
      <删除标识>0</删除标识>
      <删除时间></删除时间>
      <删除人></删除人>
      <状态>0</状态>
      <所属数据ID>861eb24a27db11ebb57bc85b769515e2</所属数据ID>
      <业务行为人名></业务行为人名>
      <业务行为></业务行为>
      <业务时间></业务时间>
      <意见></意见>
      <部门></部门>
      <部门名称></部门名称>
    </过程信息>
  </过程数据>
  <档案业务元数据>
    <业务类型>01数字化处理</业务类型>
    <业务时间>200305-200412</业务时间>
    <业务责任人>北京东方基业科技发展股份有限公司，公司数字化加工负责人邓辉军，系统负责人乔肖昱</业务责任人>
    <业务描述>档案馆授权东方基业对1995年之后的所有入库学籍卡档案进行扫描，扫描地点在清华档案馆，双方签署保密协议，档案馆负责人薛四新</业务描述>
  </档案业务元数据>
  <档案授权元数据>
    <授权类型>01保管授权</授权类型>
    <授权时间>20030509</授权时间>
    <授权机构>清华大学各归档单位</授权机构>
    <授权描述>授权档案馆对学校各部门形成的学籍档案进行集中、安全和长期地保管.</授权描述>
  </档案授权元数据>
</文件元数据信息>
